{"cameraMode":{"drawMode":2,"name":"Shaded Wireframe","section":"Shading Mode"},"sceneLighting":true,"audioPlay":false,"sceneViewState":{"showFog":true,"showMaterialUpdate":false,"showSkybox":true,"showFlares":true,"showImageEffects":true,"showParticleSystems":true},"in2DMode":false,"pivot":{"x":29.55877685546875,"y":390.8927001953125,"z":-326.4495544433594},"rotation":{"x":0.019737878814339639,"y":-0.9583153128623962,"z":0.06827734410762787,"w":0.27706480026245119},"size":75.88388061523438,"orthographic":false}