{"cameraMode":{"drawMode":2,"name":"Shaded Wireframe","section":"Shading Mode"},"sceneLighting":true,"audioPlay":false,"sceneViewState":{"showFog":true,"showMaterialUpdate":false,"showSkybox":true,"showFlares":true,"showImageEffects":true,"showParticleSystems":true},"in2DMode":false,"pivot":{"x":78.67874145507813,"y":426.09716796875,"z":-308.1122741699219},"rotation":{"x":0.13029839098453523,"y":-0.7233820557594299,"z":0.14228108525276185,"w":0.6630948781967163},"size":24.638057708740236,"orthographic":false}