{"cameraMode":{"drawMode":2,"name":"Shaded Wireframe","section":"Shading Mode"},"sceneLighting":true,"audioPlay":false,"sceneViewState":{"showFog":true,"showMaterialUpdate":false,"showSkybox":true,"showFlares":true,"showImageEffects":true,"showParticleSystems":true},"in2DMode":false,"pivot":{"x":1140.7803955078125,"y":34.41400146484375,"z":-255.98011779785157},"rotation":{"x":-0.18886710703372956,"y":-0.6604695320129395,"z":0.1767643392086029,"w":-0.705056369304657},"size":629.2149658203125,"orthographic":false}